{"timing_s/reward":0.01680979784578085,"timing_s/start_profile":4.911050200462341e-05,"training/global_step":3,"perf/max_memory_reserved_gb":45.865234375,"prompt_length/mean":108.3125,"perf/cpu_memory_used_gb":72.6585578918457,"timing_s/old_log_prob":1.8272860301658511,"actor/grad_norm":0.06326739490032196,"_runtime":117.1612535,"perf/throughput":571.1497752959452,"critic/score/max":1,"critic/advantages/max":1.7888504266738892,"actor/entropy":0.3049360513687134,"timing_per_token_ms/update_actor":0.1615586851478741,"response_length/clip_ratio":0,"timing_per_token_ms/ref":0.04189982844572034,"timing_s/gen":19.056781271472573,"critic/returns/mean":0.009563904255628586,"timing_s/step":27.255547797307372,"prompt_length/clip_ratio":0,"critic/rewards/max":1,"timing_s/stop_profile":0.00010498147457838058,"actor/kl_coef":0.001,"response_length_non_aborted/min":119,"timing_s/generate_sequences":8.434015274047852,"response_length_non_aborted/mean":280.86248779296875,"response_length/mean":280.86248779296875,"actor/pg_clipfrac_lower":0,"timing_per_token_ms/adv":8.476160171366293e-05,"response/aborted_ratio":0,"global_seqlen/mean":3.88935072e+08,"global_seqlen/minmax_diff":12523112,"prompt_length/max":159,"timing_per_token_ms/gen":0.8481366002702645,"training/epoch":0,"actor/pg_clipfrac":0,"response_length/max":453,"critic/score/min":0,"global_seqlen/balanced_min":388935059,"_timestamp":1.7616278797898927e+09,"timing_s/adv":0.0026389677077531815,"timing_s/generation_timing/topk_ratio":0.5,"actor/lr":3e-06,"_step":3,"timing_s/generation_timing/min":8.432757377624512,"actor/ppo_kl":0,"critic/rewards/min":0,"critic/advantages/mean":0.009563904255628586,"response_length_non_aborted/clip_ratio":0,"perf/time_per_step":27.255547797307372,"global_seqlen/max":395196618,"timing_s/generation_timing/max":8.435274124145508,"critic/score/mean":0.5249999761581421,"critic/returns/min":-1.7888504266738892,"prompt_length/min":87,"timing_s/update_actor":5.029968103393912,"_wandb":{"runtime":117},"global_seqlen/min":382673506,"critic/rewards/mean":0.5249999761581421,"critic/returns/max":1.7888504266738892,"response_length/min":119,"response_length_non_aborted/max":453,"critic/advantages/min":-1.7888504266738892,"global_seqlen/balanced_max":388935065,"perf/mfu/actor":0,"perf/max_memory_allocated_gb":44.209457874298096,"timing_s/ref":1.3045092588290572,"perf/total_num_tokens":31134,"actor/pg_loss":-0.009535259567201138,"actor/kl_loss":0.0004783151234732941}